Model Name,Metric,Value,Unit
KNet,MSE Test X,-21.871410369873047,-22.00294303894043,-21.968738555908203,-21.891679763793945,-21.997011184692383,-21.989906311035156,-21.92292022705078
KNet,MSE Test Y,-18.39498519897461,-18.448463439941406,-18.385164260864258,-18.21453285217285,-18.446182250976562,-18.363128662109375,-18.444002151489258
KNet,MSE Test Z,-18.689189910888672,-19.000635147094727,-18.713960647583008,-18.618562698364258,-18.72231101989746,-18.6153564453125,-18.733211517333984
